{
  "project": {
    "numFiles": 22,
    "sloc": {
      "physical": 627,
      "logical": 1152
    },
    "cyclomatic": {
      "value": 338,
      "density": 29.34027777777778
    },
    "halstead": {
      "distinctOperators": 415,
      "totalOperators": 3780,
      "distinctOperands": 1247,
      "totalOperands": 4477,
      "vocabulary": 1662,
      "length": 8257,
      "estimatedLength": 17092.416436216914,
      "volume": 88339.20443352274,
      "difficulty": 744.9699278267843,
      "effort": 65810050.75111698,
      "time": 3656113.93061761,
      "bugs": 29.446401477840915
    }
  },
  "files": {
    "/home/spitfire/react-rerendering/candidates/16-feb-react-grupo-1/src/App.test.tsx": {
      "sloc": {
        "physical": 11,
        "logical": 11
      },
      "cyclomatic": {
        "value": 2,
        "density": 18.181818181818183
      },
      "halstead": {
        "distinctOperators": 10,
        "totalOperators": 34,
        "distinctOperands": 25,
        "totalOperands": 41,
        "vocabulary": 35,
        "length": 75,
        "estimatedLength": 162.53496664211536,
        "volume": 384.6962262708725,
        "difficulty": 8.2,
        "effort": 3154.5090554211542,
        "time": 175.25050307895302,
        "bugs": 0.12823207542362416
      }
    },
    "/home/spitfire/react-rerendering/candidates/16-feb-react-grupo-1/src/App.tsx": {
      "sloc": {
        "physical": 33,
        "logical": 87
      },
      "cyclomatic": {
        "value": 31,
        "density": 35.63218390804598
      },
      "halstead": {
        "distinctOperators": 29,
        "totalOperators": 286,
        "distinctOperands": 93,
        "totalOperands": 331,
        "vocabulary": 122,
        "length": 617,
        "estimatedLength": 797.7773749551799,
        "volume": 4276.264937276301,
        "difficulty": 51.60752688172043,
        "effort": 220687.45770384523,
        "time": 12260.414316880291,
        "bugs": 1.425421645758767
      }
    },
    "/home/spitfire/react-rerendering/candidates/16-feb-react-grupo-1/src/index.tsx": {
      "sloc": {
        "physical": 14,
        "logical": 10
      },
      "cyclomatic": {
        "value": 2,
        "density": 20
      },
      "halstead": {
        "distinctOperators": 10,
        "totalOperators": 33,
        "distinctOperands": 22,
        "totalOperands": 39,
        "vocabulary": 32,
        "length": 72,
        "estimatedLength": 142.7018117963935,
        "volume": 360,
        "difficulty": 8.863636363636363,
        "effort": 3190.909090909091,
        "time": 177.27272727272728,
        "bugs": 0.12
      }
    },
    "/home/spitfire/react-rerendering/candidates/16-feb-react-grupo-1/src/react-app-env.d.ts": {
      "sloc": {
        "physical": 1,
        "logical": 1
      },
      "cyclomatic": {
        "value": 1,
        "density": 100
      },
      "halstead": {
        "distinctOperators": 0,
        "totalOperators": 0,
        "distinctOperands": 1,
        "totalOperands": 1,
        "vocabulary": 1,
        "length": 1,
        "estimatedLength": 0,
        "volume": 0,
        "difficulty": 0,
        "effort": 0,
        "time": 0,
        "bugs": 0
      }
    },
    "/home/spitfire/react-rerendering/candidates/16-feb-react-grupo-1/src/reportWebVitals.ts": {
      "sloc": {
        "physical": 27,
        "logical": 47
      },
      "cyclomatic": {
        "value": 13,
        "density": 27.659574468085108
      },
      "halstead": {
        "distinctOperators": 22,
        "totalOperators": 140,
        "distinctOperands": 53,
        "totalOperands": 163,
        "vocabulary": 75,
        "length": 303,
        "estimatedLength": 429.59403409224,
        "volume": 1887.3320632202517,
        "difficulty": 33.83018867924528,
        "effort": 63848.7997991304,
        "time": 3547.1555443961333,
        "bugs": 0.6291106877400839
      }
    },
    "/home/spitfire/react-rerendering/candidates/16-feb-react-grupo-1/src/setupTests.ts": {
      "sloc": {
        "physical": 3,
        "logical": 2
      },
      "cyclomatic": {
        "value": 1,
        "density": 50
      },
      "halstead": {
        "distinctOperators": 1,
        "totalOperators": 1,
        "distinctOperands": 3,
        "totalOperands": 3,
        "vocabulary": 4,
        "length": 4,
        "estimatedLength": 6.339850002884624,
        "volume": 8,
        "difficulty": 0.5,
        "effort": 4,
        "time": 0.2222222222222222,
        "bugs": 0.0026666666666666666
      }
    },
    "/home/spitfire/react-rerendering/candidates/16-feb-react-grupo-1/src/components/ComponenteClase.tsx": {
      "sloc": {
        "physical": 35,
        "logical": 100
      },
      "cyclomatic": {
        "value": 32,
        "density": 32
      },
      "halstead": {
        "distinctOperators": 29,
        "totalOperators": 329,
        "distinctOperands": 94,
        "totalOperands": 390,
        "vocabulary": 123,
        "length": 719,
        "estimatedLength": 806.2144287563494,
        "volume": 4991.667929338913,
        "difficulty": 60.159574468085104,
        "effort": 300296.6185150165,
        "time": 16683.145473056473,
        "bugs": 1.663889309779638
      }
    },
    "/home/spitfire/react-rerendering/candidates/16-feb-react-grupo-1/src/components/ComponenteFuncional.tsx": {
      "sloc": {
        "physical": 11,
        "logical": 8
      },
      "cyclomatic": {
        "value": 1,
        "density": 12.5
      },
      "halstead": {
        "distinctOperators": 9,
        "totalOperators": 22,
        "distinctOperands": 21,
        "totalOperands": 28,
        "vocabulary": 30,
        "length": 50,
        "estimatedLength": 131.76952268336282,
        "volume": 245.34452978042594,
        "difficulty": 6,
        "effort": 1472.0671786825556,
        "time": 81.78150992680864,
        "bugs": 0.08178150992680865
      }
    },
    "/home/spitfire/react-rerendering/candidates/16-feb-react-grupo-1/src/components/ciclovida/CompFuncCicloVida.tsx": {
      "sloc": {
        "physical": 35,
        "logical": 52
      },
      "cyclomatic": {
        "value": 14,
        "density": 26.923076923076923
      },
      "halstead": {
        "distinctOperators": 22,
        "totalOperators": 165,
        "distinctOperands": 61,
        "totalOperands": 185,
        "vocabulary": 83,
        "length": 350,
        "estimatedLength": 492.2511990177196,
        "volume": 2231.2638009714237,
        "difficulty": 33.36065573770492,
        "effort": 74436.42352421061,
        "time": 4135.356862456145,
        "bugs": 0.7437546003238079
      }
    },
    "/home/spitfire/react-rerendering/candidates/16-feb-react-grupo-1/src/components/ciclovida/ComponenteCicloVida.tsx": {
      "sloc": {
        "physical": 80,
        "logical": 136
      },
      "cyclomatic": {
        "value": 34,
        "density": 25
      },
      "halstead": {
        "distinctOperators": 29,
        "totalOperators": 415,
        "distinctOperands": 127,
        "totalOperands": 502,
        "vocabulary": 156,
        "length": 917,
        "estimatedLength": 1090.234811136458,
        "volume": 6680.713834696682,
        "difficulty": 57.31496062992126,
        "effort": 382904.85041541065,
        "time": 21272.491689745035,
        "bugs": 2.2269046115655606
      }
    },
    "/home/spitfire/react-rerendering/candidates/16-feb-react-grupo-1/src/components/componentTypes/CompFuncContenedor.tsx": {
      "sloc": {
        "physical": 15,
        "logical": 36
      },
      "cyclomatic": {
        "value": 12,
        "density": 33.33333333333333
      },
      "halstead": {
        "distinctOperators": 21,
        "totalOperators": 120,
        "distinctOperands": 47,
        "totalOperands": 137,
        "vocabulary": 68,
        "length": 257,
        "estimatedLength": 377.71204191407935,
        "volume": 1564.4779502013373,
        "difficulty": 30.606382978723403,
        "effort": 47883.01130563029,