{
  "project": {
    "numFiles": 8,
    "sloc": {
      "physical": 491,
      "logical": 694
    },
    "cyclomatic": {
      "value": 164,
      "density": 23.631123919308358
    },
    "halstead": {
      "distinctOperators": 161,
      "totalOperators": 2114,
      "distinctOperands": 683,
      "totalOperands": 2670,
      "vocabulary": 844,
      "length": 4784,
      "estimatedLength": 7946.886052436837,
      "volume": 46505.73851877518,
      "difficulty": 314.69253294289894,
      "effort": 14635008.650853502,
      "time": 813056.0361585278,
      "bugs": 15.501912839591727
    }
  },
  "files": {
    "/home/spitfire/react-rerendering/candidates/CashTrackr/src/App.js": {
      "sloc": {
        "physical": 81,
        "logical": 105
      },
      "cyclomatic": {
        "value": 27,
        "density": 25.71428571428571
      },
      "halstead": {
        "distinctOperators": 28,
        "totalOperators": 323,
        "distinctOperands": 119,
        "totalOperands": 392,
        "vocabulary": 147,
        "length": 715,
        "estimatedLength": 1013.5382112062678,
        "volume": 5147.765726558001,
        "difficulty": 46.11764705882353,
        "effort": 237402.84291891017,
        "time": 13189.046828828343,
        "bugs": 1.715921908852667
      }
    },
    "/home/spitfire/react-rerendering/candidates/CashTrackr/src/App.test.js": {
      "sloc": {
        "physical": 182,
        "logical": 288
      },
      "cyclomatic": {
        "value": 67,
        "density": 23.26388888888889
      },
      "halstead": {
        "distinctOperators": 34,
        "totalOperators": 788,
        "distinctOperands": 178,
        "totalOperands": 1053,
        "vocabulary": 212,
        "length": 1841,
        "estimatedLength": 1584.8554873648764,
        "volume": 14227.10155685085,
        "difficulty": 100.56741573033709,
        "effort": 1430782.8369055456,
        "time": 79487.93538364142,
        "bugs": 4.74236718561695
      }
    },
    "/home/spitfire/react-rerendering/candidates/CashTrackr/src/index.js": {
      "sloc": {
        "physical": 8,
        "logical": 9
      },
      "cyclomatic": {
        "value": 2,
        "density": 22.22222222222222
      },
      "halstead": {
        "distinctOperators": 10,
        "totalOperators": 37,
        "distinctOperands": 22,
        "totalOperands": 44,
        "vocabulary": 32,
        "length": 81,
        "estimatedLength": 142.7018117963935,
        "volume": 405,
        "difficulty": 10,
        "effort": 4050,
        "time": 225,
        "bugs": 0.135
      }
    },
    "/home/spitfire/react-rerendering/candidates/CashTrackr/src/setupTests.js": {
      "sloc": {
        "physical": 3,
        "logical": 2
      },
      "cyclomatic": {
        "value": 1,
        "density": 50
      },
      "halstead": {
        "distinctOperators": 1,
        "totalOperators": 1,
        "distinctOperands": 3,
        "totalOperands": 3,
        "vocabulary": 4,
        "length": 4,
        "estimatedLength": 6.339850002884624,
        "volume": 8,
        "difficulty": 0.5,
        "effort": 4,
        "time": 0.2222222222222222,
        "bugs": 0.0026666666666666666
      }
    },
    "/home/spitfire/react-rerendering/candidates/CashTrackr/src/components/ExpenseForm/ExpenseForm.js": {
      "sloc": {
        "physical": 85,
        "logical": 99
      },
      "cyclomatic": {
        "value": 19,
        "density": 19.19191919191919
      },
      "halstead": {
        "distinctOperators": 22,
        "totalOperators": 289,
        "distinctOperands": 113,
        "totalOperands": 352,
        "vocabulary": 135,
        "length": 641,
        "estimatedLength": 920.7241599260504,
        "volume": 4536.238797709583,
        "difficulty": 34.26548672566371,
        "effort": 155436.43030735845,
        "time": 8635.357239297691,
        "bugs": 1.5120795992365277
      }
    },
    "/home/spitfire/react-rerendering/candidates/CashTrackr/src/components/ExpenseInfo/ExpenseInfo.js": {
      "sloc": {
        "physical": 37,
        "logical": 29
      },
      "cyclomatic": {
        "value": 3,
        "density": 10.344827586206897
      },
      "halstead": {
        "distinctOperators": 16,
        "totalOperators": 122,
        "distinctOperands": 58,
        "totalOperands": 165,
        "vocabulary": 74,
        "length": 287,
        "estimatedLength": 433.4905936394403,
        "volume": 1782.1131159355084,
        "difficulty": 22.75862068965517,
        "effort": 40558.4364316357,
        "time": 2253.246468424206,
        "bugs": 0.5940377053118361
      }
    },
    "/home/spitfire/react-rerendering/candidates/CashTrackr/src/components/ExpenseList/ExpenseList.js": {
      "sloc": {
        "physical": 31,
        "logical": 52
      },
      "cyclomatic": {
        "value": 13,
        "density": 25
      },
      "halstead": {
        "distinctOperators": 21,
        "totalOperators": 171,
        "distinctOperands": 66,
        "totalOperands": 204,
        "vocabulary": 87,
        "length": 375,
        "estimatedLength": 525.8622883841855,
        "volume": 2416.1038109432734,
        "difficulty": 32.45454545454545,
        "effort": 78413.55095515896,
        "time": 4356.30838639772,
        "bugs": 0.8053679369810911
      }
    },
    "/home/spitfire/react-rerendering/candidates/CashTrackr/src/components/Transaction/Transaction.js": {
      "sloc": {
        "physical": 64,
        "logical": 110
      },
      "cyclomatic": {
        "value": 32,
        "density": 29.09090909090909
      },
      "halstead": {
        "distinctOperators": 29,
        "totalOperators": 383,
        "distinctOperands": 124,
        "totalOperands": 457,
        "vocabulary": 153,
        "length": 840,
        "estimatedLength": 1063.992035489192,
        "volume": 6096.205787861828,
        "difficulty": 53.439516129032256,
        "effort": 325778.28752634197,
        "time": 18098.793751463443,
        "bugs": 2.032068595953943
      }
    }
  }
}