{
  "project": {
    "numFiles": 22,
    "sloc": {
      "physical": 631,
      "logical": 1114
    },
    "cyclomatic": {
      "value": 325,
      "density": 29.17414721723519
    },
    "halstead": {
      "distinctOperators": 392,
      "totalOperators": 3608,
      "distinctOperands": 1198,
      "totalOperands": 4288,
      "vocabulary": 1590,
      "length": 7896,
      "estimatedLength": 16259.995386534169,
      "volume": 83972.46805215589,
      "difficulty": 701.542570951586,
      "effort": 58910261.12645936,
      "time": 3272792.284803298,
      "bugs": 27.990822684051963
    }
  },
  "files": {
    "/home/spitfire/react-rerendering/candidates/16-feb-react-grupo-1/src/App.test.tsx": {
      "sloc": {
        "physical": 11,
        "logical": 11
      },
      "cyclomatic": {
        "value": 2,
        "density": 18.181818181818183
      },
      "halstead": {
        "distinctOperators": 10,
        "totalOperators": 34,
        "distinctOperands": 25,
        "totalOperands": 41,
        "vocabulary": 35,
        "length": 75,
        "estimatedLength": 162.53496664211536,
        "volume": 384.6962262708725,
        "difficulty": 8.2,
        "effort": 3154.5090554211542,
        "time": 175.25050307895302,
        "bugs": 0.12823207542362416
      }
    },
    "/home/spitfire/react-rerendering/candidates/16-feb-react-grupo-1/src/App.tsx": {
      "sloc": {
        "physical": 33,
        "logical": 87
      },
      "cyclomatic": {
        "value": 31,
        "density": 35.63218390804598
      },
      "halstead": {
        "distinctOperators": 29,
        "totalOperators": 282,
        "distinctOperands": 92,
        "totalOperands": 327,
        "vocabulary": 121,
        "length": 609,
        "estimatedLength": 789.3509966828985,
        "volume": 4213.587711500229,
        "difficulty": 51.53804347826087,
        "effort": 217160.0666747645,
        "time": 12064.448148598029,
        "bugs": 1.4045292371667428
      }
    },
    "/home/spitfire/react-rerendering/candidates/16-feb-react-grupo-1/src/index.tsx": {
      "sloc": {
        "physical": 14,
        "logical": 10
      },
      "cyclomatic": {
        "value": 2,
        "density": 20
      },
      "halstead": {
        "distinctOperators": 10,
        "totalOperators": 33,
        "distinctOperands": 22,
        "totalOperands": 39,
        "vocabulary": 32,
        "length": 72,
        "estimatedLength": 142.7018117963935,
        "volume": 360,
        "difficulty": 8.863636363636363,
        "effort": 3190.909090909091,
        "time": 177.27272727272728,
        "bugs": 0.12
      }
    },
    "/home/spitfire/react-rerendering/candidates/16-feb-react-grupo-1/src/react-app-env.d.ts": {
      "sloc": {
        "physical": 1,
        "logical": 1
      },
      "cyclomatic": {
        "value": 1,
        "density": 100
      },
      "halstead": {
        "distinctOperators": 0,
        "totalOperators": 0,
        "distinctOperands": 1,
        "totalOperands": 1,
        "vocabulary": 1,
        "length": 1,
        "estimatedLength": 0,
        "volume": 0,
        "difficulty": 0,
        "effort": 0,
        "time": 0,
        "bugs": 0
      }
    },
    "/home/spitfire/react-rerendering/candidates/16-feb-react-grupo-1/src/reportWebVitals.ts": {
      "sloc": {
        "physical": 27,
        "logical": 47
      },
      "cyclomatic": {
        "value": 13,
        "density": 27.659574468085108
      },
      "halstead": {
        "distinctOperators": 22,
        "totalOperators": 140,
        "distinctOperands": 53,
        "totalOperands": 163,
        "vocabulary": 75,
        "length": 303,
        "estimatedLength": 429.59403409224,
        "volume": 1887.3320632202517,
        "difficulty": 33.83018867924528,
        "effort": 63848.7997991304,
        "time": 3547.1555443961333,
        "bugs": 0.6291106877400839
      }
    },
    "/home/spitfire/react-rerendering/candidates/16-feb-react-grupo-1/src/setupTests.ts": {
      "sloc": {
        "physical": 3,
        "logical": 2
      },
      "cyclomatic": {
        "value": 1,
        "density": 50
      },
      "halstead": {
        "distinctOperators": 1,
        "totalOperators": 1,
        "distinctOperands": 3,
        "totalOperands": 3,
        "vocabulary": 4,
        "length": 4,
        "estimatedLength": 6.339850002884624,
        "volume": 8,
        "difficulty": 0.5,
        "effort": 4,
        "time": 0.2222222222222222,
        "bugs": 0.0026666666666666666
      }
    },
    "/home/spitfire/react-rerendering/candidates/16-feb-react-grupo-1/src/components/ComponenteClase.tsx": {
      "sloc": {
        "physical": 35,
        "logical": 100
      },
      "cyclomatic": {
        "value": 32,
        "density": 32
      },
      "halstead": {
        "distinctOperators": 29,
        "totalOperators": 329,
        "distinctOperands": 94,
        "totalOperands": 390,
        "vocabulary": 123,
        "length": 719,
        "estimatedLength": 806.2144287563494,
        "volume": 4991.667929338913,
        "difficulty": 60.159574468085104,
        "effort": 300296.6185150165,
        "time": 16683.145473056473,
        "bugs": 1.663889309779638
      }
    },
    "/home/spitfire/react-rerendering/candidates/16-feb-react-grupo-1/src/components/ComponenteFuncional.tsx": {
      "sloc": {
        "physical": 10,
        "logical": 7
      },
      "cyclomatic": {
        "value": 1,
        "density": 14.285714285714285
      },
      "halstead": {
        "distinctOperators": 9,
        "totalOperators": 17,
        "distinctOperands": 17,
        "totalOperands": 22,
        "vocabulary": 26,
        "length": 39,
        "estimatedLength": 106.27403387250885,
        "volume": 183.31714900750262,
        "difficulty": 5.8235294117647065,
        "effort": 1067.5528089260447,
        "time": 59.30848938478026,
        "bugs": 0.061105716335834205
      }
    },
    "/home/spitfire/react-rerendering/candidates/16-feb-react-grupo-1/src/components/ciclovida/ComponenteCicloVida.tsx": {
      "sloc": {
        "physical": 80,
        "logical": 136
      },
      "cyclomatic": {
        "value": 34,
        "density": 25
      },
      "halstead": {
        "distinctOperators": 29,
        "totalOperators": 415,
        "distinctOperands": 127,
        "totalOperands": 502,
        "vocabulary": 156,
        "length": 917,
        "estimatedLength": 1090.234811136458,
        "volume": 6680.713834696682,
        "difficulty": 57.31496062992126,
        "effort": 382904.85041541065,
        "time": 21272.491689745035,
        "bugs": 2.2269046115655606
      }
    },
    "/home/spitfire/react-rerendering/candidates/16-feb-react-grupo-1/src/components/ciclovida/CompFuncCicloVida.tsx": {
      "sloc": {
        "physical": 44,
        "logical": 93
      },
      "cyclomatic": {
        "value": 32,
        "density": 34.40860215053764
      },
      "halstead": {
        "distinctOperators": 29,
        "totalOperators": 288,
        "distinctOperands": 94,
        "totalOperands": 328,
        "vocabulary": 123,
        "length": 616,
        "estimatedLength": 806.2144287563494,
        "volume": 4276.588935288972,
        "difficulty": 50.59574468085107,
        "effort": 216377.20187483352,
        "time": 12020.955659712974,
        "bugs": 1.425529645096324
      }
    },
    "/home/spitfire/react-rerendering/candidates/16-feb-react-grupo-1/src/components/componentTypes/CompFuncContenedor.tsx": {
      "sloc": {
        "physical": 14,
        "logical": 11
      },
      "cyclomatic": {
        "value": 2,
        "density": 18.181818181818183
      },
      "halstead": {
        "distinctOperators": 11,
        "totalOperators": 29,
        "distinctOperands": 22,
        "totalOperands": 36,
        "vocabulary": 33,
        "length": 65,
        "estimatedLength": 147.1612434150308,
        "volume": 327.8856177582995,
        "difficulty": 9,
        "effort": 2950.970559824695,