{
  "project": {
    "numFiles": 17,
    "sloc": {
      "physical": 535,
      "logical": 798
    },
    "cyclomatic": {
      "value": 205,
      "density": 25.68922305764411
    },
    "halstead": {
      "distinctOperators": 289,
      "totalOperators": 2587,
      "distinctOperands": 995,
      "totalOperands": 3173,
      "vocabulary": 1284,
      "length": 5760,
      "estimatedLength": 12786.781686613418,
      "volume": 59480.23384582447,
      "difficulty": 460.80251256281406,
      "effort": 27408641.20397965,
      "time": 1522702.2891099805,
      "bugs": 19.826744615274823
    }
  },
  "files": {
    "/home/spitfire/react-rerendering/candidates/26-react-star-wars-hooks/src/App.js": {
      "sloc": {
        "physical": 35,
        "logical": 90
      },
      "cyclomatic": {
        "value": 31,
        "density": 34.44444444444444
      },
      "halstead": {
        "distinctOperators": 29,
        "totalOperators": 295,
        "distinctOperands": 97,
        "totalOperands": 341,
        "vocabulary": 126,
        "length": 636,
        "estimatedLength": 831.5890181155781,
        "volume": 4437.550031345947,
        "difficulty": 50.97422680412371,
        "effort": 226200.68175247457,
        "time": 12566.704541804143,
        "bugs": 1.4791833437819824
      }
    },
    "/home/spitfire/react-rerendering/candidates/26-react-star-wars-hooks/src/index.js": {
      "sloc": {
        "physical": 16,
        "logical": 13
      },
      "cyclomatic": {
        "value": 2,
        "density": 15.384615384615385
      },
      "halstead": {
        "distinctOperators": 10,
        "totalOperators": 40,
        "distinctOperands": 26,
        "totalOperands": 48,
        "vocabulary": 36,
        "length": 88,
        "estimatedLength": 169.21582985307933,
        "volume": 454.9534001269235,
        "difficulty": 9.230769230769232,
        "effort": 4199.569847325448,
        "time": 233.30943596252487,
        "bugs": 0.15165113337564118
      }
    },
    "/home/spitfire/react-rerendering/candidates/26-react-star-wars-hooks/src/reportWebVitals.js": {
      "sloc": {
        "physical": 27,
        "logical": 47
      },
      "cyclomatic": {
        "value": 13,
        "density": 27.659574468085108
      },
      "halstead": {
        "distinctOperators": 22,
        "totalOperators": 140,
        "distinctOperands": 53,
        "totalOperands": 163,
        "vocabulary": 75,
        "length": 303,
        "estimatedLength": 429.59403409224,
        "volume": 1887.3320632202517,
        "difficulty": 33.83018867924528,
        "effort": 63848.7997991304,
        "time": 3547.1555443961333,
        "bugs": 0.6291106877400839
      }
    },
    "/home/spitfire/react-rerendering/candidates/26-react-star-wars-hooks/src/utils/constants.js": {
      "sloc": {
        "physical": 21,
        "logical": 21
      },
      "cyclomatic": {
        "value": 2,
        "density": 9.523809523809524
      },
      "halstead": {
        "distinctOperators": 13,
        "totalOperators": 93,
        "distinctOperands": 47,
        "totalOperands": 110,
        "vocabulary": 60,
        "length": 203,
        "estimatedLength": 333.27533110065826,
        "volume": 1199.0987909085293,
        "difficulty": 15.212765957446809,
        "effort": 18241.609265948904,
        "time": 1013.4227369971613,
        "bugs": 0.39969959696950974
      }
    },
    "/home/spitfire/react-rerendering/candidates/26-react-star-wars-hooks/src/components/AboutMe.js": {
      "sloc": {
        "physical": 74,
        "logical": 116
      },
      "cyclomatic": {
        "value": 32,
        "density": 27.586206896551722
      },
      "halstead": {
        "distinctOperators": 30,
        "totalOperators": 434,
        "distinctOperands": 146,
        "totalOperands": 540,
        "vocabulary": 176,
        "length": 974,
        "estimatedLength": 1265.409122362883,
        "volume": 7265.4863965527275,
        "difficulty": 55.47945205479452,
        "effort": 403085.2041923089,
        "time": 22393.622455128272,
        "bugs": 2.421828798850909
      }
    },
    "/home/spitfire/react-rerendering/candidates/26-react-star-wars-hooks/src/components/Contact.js": {
      "sloc": {
        "physical": 100,
        "logical": 238
      },
      "cyclomatic": {
        "value": 68,
        "density": 28.57142857142857
      },
      "halstead": {
        "distinctOperators": 37,
        "totalOperators": 745,
        "distinctOperands": 195,
        "totalOperands": 971,
        "vocabulary": 232,
        "length": 1716,
        "estimatedLength": 1764.9006327899097,
        "volume": 13484.295387638913,
        "difficulty": 92.12051282051283,
        "effort": 1242180.2061325724,
        "time": 69010.01145180958,
        "bugs": 4.494765129212971
      }
    },
    "/home/spitfire/react-rerendering/candidates/26-react-star-wars-hooks/src/components/DreamTeam.js": {
      "sloc": {
        "physical": 24,
        "logical": 19
      },
      "cyclomatic": {
        "value": 2,
        "density": 10.526315789473683
      },
      "halstead": {
        "distinctOperators": 12,
        "totalOperators": 57,
        "distinctOperands": 37,
        "totalOperands": 71,
        "vocabulary": 49,
        "length": 128,
        "estimatedLength": 255.26321491581857,
        "volume": 718.6828600467467,
        "difficulty": 11.513513513513512,
        "effort": 8274.564821078759,
        "time": 459.6980456154866,
        "bugs": 0.23956095334891556
      }
    },
    "/home/spitfire/react-rerendering/candidates/26-react-star-wars-hooks/src/components/FarGalaxy.js": {
      "sloc": {
        "physical": 50,
        "logical": 95
      },
      "cyclomatic": {
        "value": 32,
        "density": 33.68421052631579
      },
      "halstead": {
        "distinctOperators": 31,
        "totalOperators": 309,
        "distinctOperands": 112,
        "totalOperands": 354,
        "vocabulary": 143,
        "length": 663,
        "estimatedLength": 973.4517538542373,
        "volume": 4746.994696284072,
        "difficulty": 48.99107142857142,
        "effort": 232560.3562367027,
        "time": 12920.019790927929,
        "bugs": 1.5823315654280241
      }
    },
    "/home/spitfire/react-rerendering/candidates/26-react-star-wars-hooks/src/components/Footer.js": {
      "sloc": {
        "physical": 21,
        "logical": 16
      },
      "cyclomatic": {
        "value": 2,
        "density": 12.5
      },
      "halstead": {
        "distinctOperators": 11,
        "totalOperators": 54,
        "distinctOperands": 35,
        "totalOperands": 69,
        "vocabulary": 46,
        "length": 123,
        "estimatedLength": 235.94701877946844,
        "volume": 679.3981205950126,
        "difficulty": 10.842857142857143,
        "effort": 7366.616764737351,
        "time": 409.2564869298528,
        "bugs": 0.22646604019833755
      }
    },
    "/home/spitfire/react-rerendering/candidates/26-react-star-wars-hooks/src/components/Friend.js": {
      "sloc": {
        "physical": 26,
        "logical": 22
      },
      "cyclomatic": {
        "value": 4,
        "density": 18.181818181818183
      },
      "halstead": {
        "distinctOperators": 14,
        "totalOperators": 54,
        "distinctOperands": 35,
        "totalOperands": 66,
        "vocabulary": 49,
        "length": 120,
        "estimatedLength": 251.33486783030332,
        "volume": 673.765181293825,
        "difficulty": 13.2,
        "effort": 8893.700393078489,
        "time": 494.0944662821382,
        "bugs": 0.22458839376460832
      }
    },
    "/home/spitfire/react-rerendering/candidates/26-react-star-wars-hooks/src/components/Header.js": {
      "sloc": {
        "physical": 18,
        "logical": 15
      },
      "cyclomatic": {
        "value": 2,
        "density": 13.333333333333334
      },
      "halstead": {
        "distinctOperators": 11,
        "totalOperators": 47,