{
  "project": {
    "numFiles": 3,
    "sloc": {
      "physical": 131,
      "logical": 239
    },
    "cyclomatic": {
      "value": 78,
      "density": 32.63598326359833
    },
    "halstead": {
      "distinctOperators": 78,
      "totalOperators": 832,
      "distinctOperands": 283,
      "totalOperands": 977,
      "vocabulary": 361,
      "length": 1809,
      "estimatedLength": 2940.2216256623096,
      "volume": 15369.001743638892,
      "difficulty": 134.63957597173146,
      "effort": 2069275.8778723418,
      "time": 114959.77099290787,
      "bugs": 5.123000581212964
    }
  },
  "files": {
    "/home/spitfire/react-rerendering/candidates/hooksMixed-1/src/App.js": {
      "sloc": {
        "physical": 58,
        "logical": 115
      },
      "cyclomatic": {
        "value": 38,
        "density": 33.04347826086956
      },
      "halstead": {
        "distinctOperators": 29,
        "totalOperators": 370,
        "distinctOperands": 119,
        "totalOperands": 433,
        "vocabulary": 148,
        "length": 803,
        "estimatedLength": 1020.4330289695756,
        "volume": 5789.1910526000465,
        "difficulty": 52.760504201680675,
        "effort": 305440.63885503693,
        "time": 16968.924380835386,
        "bugs": 1.929730350866682
      }
    },
    "/home/spitfire/react-rerendering/candidates/hooksMixed-1/src/index.js": {
      "sloc": {
        "physical": 11,
        "logical": 38
      },
      "cyclomatic": {
        "value": 13,
        "density": 34.21052631578947
      },
      "halstead": {
        "distinctOperators": 20,
        "totalOperators": 132,
        "distinctOperands": 51,
        "totalOperands": 151,
        "vocabulary": 71,
        "length": 283,
        "estimatedLength": 402.7421992799762,
        "volume": 1740.378434819825,
        "difficulty": 29.607843137254903,
        "effort": 51528.85169760659,
        "time": 2862.713983200366,
        "bugs": 0.5801261449399417
      }
    },
    "/home/spitfire/react-rerendering/candidates/hooksMixed-1/src/TaskList.jsx": {
      "sloc": {
        "physical": 62,
        "logical": 86
      },
      "cyclomatic": {
        "value": 27,
        "density": 31.3953488372093
      },
      "halstead": {
        "distinctOperators": 29,
        "totalOperators": 330,
        "distinctOperands": 113,
        "totalOperands": 393,
        "vocabulary": 142,
        "length": 723,
        "estimatedLength": 968.4654126629567,
        "volume": 5169.267167401886,
        "difficulty": 50.42920353982301,
        "effort": 260682.02613663403,
        "time": 14482.334785368557,
        "bugs": 1.7230890558006287
      }
    }
  }
}